Year,Per Var
2018,0
2019,-0.035810206
2020,-0.091457753
2021,1.056208482
